Category,Subcategory
Electronics & Gadgets,Smartphones
Electronics & Gadgets,Tablets
Electronics & Gadgets,Laptops
Electronics & Gadgets,Smartwatches
Electronics & Gadgets,Earbuds
Electronics & Gadgets,Speakers
Electronics & Gadgets,Power Banks
Electronics & Gadgets,Chargers
Electronics & Gadgets,Phone Accessories
Electronics & Gadgets,Computer Accessories
Home Appliances,Blenders
Home Appliances,Rice Cookers
Home Appliances,Electric Kettles
Home Appliances,Fans
Home Appliances,Microwaves
Home Appliances,Vacuum Cleaners
Home Appliances,Irons
Home Appliances,Air Fryers
Home Appliances,Refrigerators
Home Appliances,Washing Machines
Fashion & Apparel,Men's Clothing
Fashion & Apparel,Women's Clothing
Fashion & Apparel,Kids' Clothing
Fashion & Apparel,Shoes
Fashion & Apparel,Bags
Fashion & Apparel,Sportswear
Fashion & Apparel,Underwear
Fashion & Apparel,Jackets
Fashion & Apparel,Traditional Wear
Fashion & Apparel,Fashion Accessories
Beauty & Personal Care,Hair Extensions
Beauty & Personal Care,Wigs
Beauty & Personal Care,Skincare
Beauty & Personal Care,Cosmetics
Beauty & Personal Care,Perfumes
Beauty & Personal Care,Makeup Tools
Beauty & Personal Care,Nail Products
Beauty & Personal Care,Hair Care
Beauty & Personal Care,Barber Supplies
Beauty & Personal Care,Beauty Equipment
Jewelry & Watches,Necklaces
Jewelry & Watches,Earrings
Jewelry & Watches,Bracelets
Jewelry & Watches,Rings
Jewelry & Watches,Luxury Watches
Jewelry & Watches,Fashion Watches
Jewelry & Watches,Anklets
Jewelry & Watches,Brooches
Jewelry & Watches,Jewelry Sets
Jewelry & Watches,Custom Jewelry
Home & Living,Furniture
Home & Living,Kitchenware
Home & Living,Bedding
Home & Living,Curtains
Home & Living,Storage
Home & Living,Bathroom Accessories
Home & Living,Home Decor
Home & Living,Cleaning Supplies
Home & Living,Laundry
Home & Living,Dining
Lighting & Electrical,LED Bulbs
Lighting & Electrical,Solar Lights
Lighting & Electrical,Chandeliers
Lighting & Electrical,Switches
Lighting & Electrical,Sockets
Lighting & Electrical,Electrical Cables
Lighting & Electrical,Extension Cords
Lighting & Electrical,Circuit Breakers
Lighting & Electrical,Outdoor Lighting
Lighting & Electrical,Emergency Lights
Solar & Energy,Solar Panels
Solar & Energy,Inverters
Solar & Energy,Batteries
Solar & Energy,Charge Controllers
Solar & Energy,Solar Street Lights
Solar & Energy,Solar Kits
Solar & Energy,Solar Pumps
Solar & Energy,Portable Power Stations
Solar & Energy,Mounting Systems
Solar & Energy,Solar Accessories
Building Materials,Tiles
Building Materials,Doors
Building Materials,Windows
Building Materials,Roofing Sheets
Building Materials,Paint
Building Materials,Cement Tools
Building Materials,Plumbing Supplies
Building Materials,Insulation
Building Materials,Flooring
Building Materials,Ceiling Materials
Industrial Equipment,Generators
Industrial Equipment,Water Pumps
Industrial Equipment,Air Compressors
Industrial Equipment,Welding Machines
Industrial Equipment,Power Tools
Industrial Equipment,Hand Tools
Industrial Equipment,Compressors
Industrial Equipment,Packaging Machines
Industrial Equipment,Machine Parts
Industrial Equipment,Safety Equipment
Agriculture,Seeds
Agriculture,Fertilizers
Agriculture,Sprayers
Agriculture,Irrigation
Agriculture,Greenhouses
Agriculture,Farming Tools
Agriculture,Animal Feed Equipment
Agriculture,Harvesting Tools
Agriculture,Tractors
Agriculture,Storage Silos
Automotive,Car Parts
Automotive,Motorcycle Parts
Automotive,Tires
Automotive,Batteries
Automotive,Lubricants
Automotive,Car Electronics
Automotive,Lighting
Automotive,Interior Accessories
Automotive,Engine Parts
Automotive,Repair Tools
Baby & Kids,Baby Clothing
Baby & Kids,Strollers
Baby & Kids,Baby Toys
Baby & Kids,Feeding Accessories
Baby & Kids,Diapers
Baby & Kids,School Bags
Baby & Kids,Baby Furniture
Baby & Kids,Learning Toys
Baby & Kids,Baby Care
Baby & Kids,Kids Shoes
Sports & Outdoor,Fitness Equipment
Sports & Outdoor,Camping Gear
Sports & Outdoor,Football
Sports & Outdoor,Basketball
Sports & Outdoor,Cycling
Sports & Outdoor,Gym Accessories
Sports & Outdoor,Outdoor Furniture
Sports & Outdoor,Fishing
Sports & Outdoor,Hiking
Sports & Outdoor,Water Sports
Office & School,Stationery
Office & School,Printers
Office & School,Office Furniture
Office & School,Whiteboards
Office & School,School Supplies
Office & School,Calculators
Office & School,Paper
Office & School,Ink & Toner
Office & School,Office Electronics
Office & School,Presentation Supplies
Packaging & Printing,Packaging Boxes
Packaging & Printing,Plastic Bags
Packaging & Printing,Labels
Packaging & Printing,Stickers
Packaging & Printing,Gift Packaging
Packaging & Printing,Custom Printing
Packaging & Printing,Tape
Packaging & Printing,Bubble Wrap
Packaging & Printing,Paper Bags
Packaging & Printing,Packaging Machines
Health & Medical,Thermometers
Health & Medical,Medical Gloves
Health & Medical,Face Masks
Health & Medical,First Aid
Health & Medical,Hospital Equipment
Health & Medical,Diagnostic Tools
Health & Medical,Wheelchairs
Health & Medical,Medical Furniture
Health & Medical,Medical Consumables
Health & Medical,Sanitizers
Food & Beverage Equipment,Commercial Ovens
Food & Beverage Equipment,Food Processors
Food & Beverage Equipment,Coffee Machines
Food & Beverage Equipment,Refrigeration
Food & Beverage Equipment,Bakery Equipment
Food & Beverage Equipment,Restaurant Furniture
Food & Beverage Equipment,Ice Makers
Food & Beverage Equipment,Juicers
Food & Beverage Equipment,Display Cabinets
Food & Beverage Equipment,Food Warmers
Security & Smart Home,CCTV
Security & Smart Home,Smart Locks
Security & Smart Home,Alarm Systems
Security & Smart Home,Video Doorbells
Security & Smart Home,Access Control
Security & Smart Home,Smart Sensors
Security & Smart Home,Smoke Detectors
Security & Smart Home,Intercom Systems
Security & Smart Home,GPS Trackers
Security & Smart Home,Home Automation
Business Services,OEM Manufacturing
Business Services,Private Label
Business Services,Product Sourcing
Business Services,Quality Inspection
Business Services,Shipping & Logistics
Business Services,Customs Clearance
Business Services,Warehousing
Business Services,Procurement
Business Services,Product Customization
Business Services,Import Consulting
